word,Stem
-,
abandoned,
abilities,
ability,
able,
abortion,
abroad,
abuse,
abused,
academic,academic
academically,academic
academics,academic
academy,
accelerate,
accept,accept
acceptance,
accepted,accept
access,
accessibility,
accessible,
accident,
accomplish,accomplish
accomplished,accomplish
accomplishes,accomplish
accomplishment,accomplishment
accomplishments,accomplishment
accordance,
according,
accountability,
accountable,
accounting,
accounts,
accreditation,accredit
accredited,accredit
accurate,
achieve,achieve
achieved,achieve
achievement,achievement
achievements,achievement
achieves,achieve
achieving,achieve
acquire,acquire
acquired,acquire
acquiring,acquire
acquisition,
acres,
across,
act,act
acting,
action,action
actions,action
active,
actively,
activites,activity
activities,activity
activity,activity
acts,act
acute,
adams,
add,
addiction,addiction
addictions,addiction
addition,addition
additional,addition
additionally,addition
address,address
addresses,address
addressing,address
adequate,
adjacent,
administer,administer
administered,administer
administering,administer
administers,administer
administration,
administrative,
administrators,
admission,
adolescent,adolescent
adolescents,adolescent
adopt,adopt
adopted,adopt
adoption,adoption
adoptions,adoption
adoptive,
adult,adult
adults,adult
advance,advance
advanced,advance
advancement,
advances,advance
advancing,advance
advantage,advantage
advantages,advantage
adventist,
adventure,
adversity,
advertising,
advice,
advisory,
advocacy,
advocate,advocate
advocates,advocate
advocating,advocate
aesthetic,
affairs,
affect,affect
affected,affect
affecting,affect
affiliate,affiliate
affiliated,affiliate
affiliates,affiliate
affiliation,
afford,
affordability,
affordable,
africa,
african,
after-school,
age,age
aged,age
agencies,
agency,
agenda,
agent,agent
agents,agents
ages,age
aging,
agreement,agreement
agreements,agreement
agricultural,agriculture
agriculture,agriculture
ahepa,
aid,aid
aiding,aid
aids,
aim,aim
aimed,aim
aims,aim
air,
aircraft,
alabama,
alaska,
albany,
alcohol,
alcoholics,alcoholic
alcoholism,alcoholic
alleviate,
alliance,alliance
alliances,alliance
allied,
allow,allow
allowing,allow
allows,allow
along,
alpha,
als,
also,
alternative,alternative
alternatives,alternative
although,
alumni,
always,
alzheimer's,
amateur,
ambulance,
ambulatory,
amended,
amenities,
america,america
american,american
americanism,
americans,american
americas,
america's,america
among,among
amongst,among
amoung,among
amount,
analysis,
ancient,
ancillary,
angeles,
animal,animal
animals,animal
annual,annual
annually,annual
another,
antonio,
anyone,
apartment,apartment
apartments,apartment
applicable,
application,application
applications,application
applied,
apply,
appointed,
appreciate,
appreciation,
apprentice,apprentice
apprentices,apprentice
apprenticeship,apprentice
approach,approach
approaches,approach
appropriate,
approved,
approximately,
aquatic,
arbitration,
arc,
architectural,architecture
architecture,architecture
area,area
areas,area
area's,area
arena,
arizona,
arkansas,
arm,
armed,
army,
around,
array,
art,
article,article
articles,article
artifacts,
artist,artist
artistic,
artists,artist
arts,
asia,
asian,
aspects,
aspirations,
assault,
assess,
assessment,assessment
assessments,assessment
asset,asset
assets,asset
assist,assist
assistance,
assisted,assist
assisting,assist
assists,assist
associate,associate
associated,
associates,associate
association,association
associations,association
association's,association
assure,assure
assuring,assure
athletes,
athletic,athletic
athletics,athletic
atlanta,
atmosphere,
at-risk,
attached,
attain,
attainment,
attend,attend
attending,attend
attention,
attitudes,
attorneys,
attract,attract
attracting,attract
attractive,
audience,audience
audiences,audience
audio,
august,
austin,
authentic,
authorities,
authority,
authorized,
autism,
automobile,automobile
automotive,automobile
auxiliary,
availability,
available,
avenue,
average,
aviation,
award,award
awarded,award
awarding,award
awards,award
aware,aware
awareness,aware
away,
b,
babies,
back,
background,background
backgrounds,background
balance,balance
balanced,balance
ballet,
baltimore,
band,
bank,bank
banking,
banks,bank
baptist,
bar,
barbara,
bargaining,
barriers,
base,
baseball,
based,
basic,
basin,
basis,
basketball,
bay,
beach,
bear,
beautification,
beautiful,
beauty,
become,become
becoming,become
bed,
beef,
began,
beginning,
behalf,
behavior,behavior
behavioral,behavior
behaviors,behavior
belief,belief
beliefs,belief
believe,believe
believers,
believes,believe
bend,
beneficial,
beneficiaries,beneficiary
beneficiary,beneficiary
benefit,
benefiting,
benefits,
benevolence,benevolent
benevolent,benevolent
bequests,
berkeley,
best,
beta,
better,
betterment,
beyond,
bible,
biblical,
bicycle,
big,
bilingual,
biological,
biology,
biomedical,
birds,
birth,
bisexual,
black,
blind,
blindness,
blood,
blue,
board,board
boarding,
boards,board
boat,
boating,
bodies,
body,
bold,
bond,bond
bonds,bond
book,book
books,book
booster,
borough,
boston,
boundaries,
bowling,
boy,boy
boys,boy
brain,
branch,branch
branches,branch
break,
breast,
breed,breed
breeding,breed
bridge,bridge
bridges,bridge
brighter,
bring,bring
bringing,bring
brings,bring
broad,
broadcast,broadcast
broadcasting,broadcast
broaden,
broader,
bronx,
brooklyn,
brotherhood,
brotherly,
brothers,
buddhist,
budget,
buffalo,
build,build
builders,
building,
buildings,
builds,build
built,build
burden,burden
burdens,burden
bureau,
burial,
business,business
businesses,business
bylaws,
c,
ca,
cable,
california,california
california's,california
call,
called,
calls,
camaraderie,
camp,
campaign,campaign
campaigns,campaign
camping,
camps,
campus,campus
campuses,campus
canada,
cancer,
candidates,
cannot,
capabilities,
capable,
capacity,
cape,
capital,
car,
cardiovascular,
care,
career,
careers,
caregivers,
cares,
caring,
carolina,
carried,
carries,
carry,
carrying,
casa,
case,case
cases,case
cash,
catalyst,
catholic,
cats,
cattle,
cause,cause
causes,cause
celebrate,celebrate
celebrates,celebrate
celebrating,celebrate
celebration,celebrate
cemetery,
center,center
centered,
centers,center
center's,center
central,
century,
cerebral,
certain,
certification,
certified,
challenge,
challenged,
challenges,
challenging,
chamber,
champion,champion
champions,champion
chance,
change,change
changes,change
changing,change
channels,
chapel,
chapter,chapter
chapters,chapter
character,
charge,
charged,
charges,
charitable,
charities,
charity,
charles,
charleston,
charlotte,
charter,
chartered,
cheerleading,
chemical,
chester,
chi,
chicago,
child,child
childcare,
childhood,child
children,children
childrens,children
children's,children
child's,child
china,
chinese,
chiropractic,
choice,
choices,
choose,
choral,
christ,christ
christ-centered,christ
christian,christ
christianity,christ
christians,christ
christmas,
christ's,christ
chronic,chronic
chronically,chronic
church,church
churches,church
cincinnati,
circle,
circumstances,
cities,
citizen,citizen
citizens,citizen
citizenship,
city,city
city's,city
civic,
civil,
civilian,
claims,
clark,
class,class
classes,class
classic,
classical,
classroom,classroom
classrooms,classroom
clay,
clean,
clear,
cleveland,
client,client
clients,client
climate,
clinic,clinic
clinical,clinic
clinics,clinic
clinton,
close,
closely,
closer,
clothing,
club,club
clubhouse,
clubs,club
club's,club
co,
coaches,coach
coaching,coach
coalition,
coast,
coastal,
code,
cognitive,
collaborate,collaborate
collaborates,collaborate
collaborating,collaborate
collaboration,collaborate
collaborations,collaborate
collaborative,collaborate
collaboratively,collaborate
collect,collect
collected,collect
collecting,collect
collection,
collections,
collective,
collectively,
collects,collect
college,college
colleges,college
college's,college
collegiate,
color,
colorado,
columbia,
columbus,
combat,
combination,combine
combined,combine
combines,combine
come,come
comes,come
comfort,comfort
comfortable,comfort
commerce,
commercial,
commission,
commit,commit
commitment,commit
committed,commit
committee,committee
committees,committee
common,
commonwealth,
communicate,communcate
communication,communcate
communications,communcate
communities,community
community,community
community-based,community
community's,community
companies,
companion,
company,
compassion,compassion
compassionate,compassion
compensation,
compete,
competence,
competent,
competition,competition
competitions,competition
competitive,competition
competitiveness,competition
complete,
complex,
compliance,
component,component
components,component
comprehensive,
comprised,
computer,
comradeship,
concept,concept
concepts,concept
concern,concern
concerned,concern
concerning,concern
concerns,concern
concert,concert
concerts,concert
concrete,
condition,condition
conditions,condition
conducive,
conduct,
conducted,
conducting,
conducts,
conference,conference
conferences,conference
confidence,
confident,
confidential,
conflict,conflict
conflicts,conflict
congregation,congregation
congregations,congregation
congress,
conjunction,
connect,connect
connected,connect
connecticut,
connecting,connect
connection,connect
connections,connect
connects,connect
consciousness,
conservancy,
conservation,
conserve,
conserving,
consideration,
consist,consist
consistent,consistent
consistently,consistent
consisting,consist
consists,consist
consortium,
constitution,
construct,
constructing,
construction,
constructive,
consultation,
consulting,
consumer,consumer
consumers,consumer
contact,
contemporary,
content,
context,
continually,
continuation,
continue,continue
continued,continue
continues,continue
continuing,continue
continuous,continuous
continuously,continuous
continuum,
contract,contract
contracting,
contractors,
contracts,contract
contribute,contribute
contributed,contribute
contributes,contribute
contributing,
contribution,contribution
contributions,contribution
contributors,
control,
controlled,
convenient,
convention,
conventions,
cooperate,cooperate
cooperation,cooperate
cooperative,cooperative
cooperatives,cooperative
coordinate,coordinate
coordinated,coordinate
coordinates,coordinate
coordinating,coordinate
coordination,coordinate
cord,
core,
cornerstone,
corp,corp
corporate,corporate
corporation,corporate
corporations,corporate
corporation's,corporate
corps,corp
corresponding,
corridor,
cost,cost
cost-effective,
costs,cost
could,
council,
counsel,
counseling,
counselors,
counties,county
countries,country
country,country
county,county
county's,county
couples,
courage,
course,
courses,
court,court
courts,court
covenant,
cover,
coverage,
covered,
covering,
craft,craft
crafts,craft
create,create
created,create
creates,create
creating,
creation,
creative,creative
creatively,creative
creativity,creative
credit,
creed,
creek,
crime,crime
crimes,crime
criminal,
crisis,
criteria,
critical,critical
critically,critical
cross,
cruelty,
ct,
culinary,
cultivate,cultivate
cultivates,cultivate
cultivating,cultivate
cultivation,cultivate
cultural,cultural
culturally,cultural
culture,culture
cultures,culture
cure,cure
cures,cure
curiosity,
current,current
currently,current
curricula,curriculum
curriculum,curriculum
customer,customer
customers,customer
cutting,
cycle,
daily,
dairy,
dakota,
dallas,
damage,
dance,dance
dancers,dance
data,
day,day
daycare,
days,day
dayton,
dba,
dc,
de,
dead,
deaf,
deal,
dealers,
dealing,
death,
debate,
debt,
deceased,
december,
decent,
decision,decision
decision-making,
decisions,decision
dedicated,dedicat
dedication,dedicat
deemed,
deep,deep
deeper,deep
defend,
defense,
define,define
defined,define
degree,degree
degrees,degree
delaware,
delinquency,
deliver,
delivered,
delivering,
delivers,
delivery,
delta,
demand,
democracy,
democratic,
demonstrate,demonstrate
demonstrating,demonstrate
dental,dental
dentistry,dental
denver,
department,department
departments,department
dependency,
dependent,dependent
dependents,dependent
dept,
derived,
described,
description,
desert,
deserving,
design,
designated,
designed,
desirable,
desire,
destination,
detection,
deterioration,
determine,determine
determined,determine
detroit,
develop,develop
developed,
developers,
developing,
development,
developmental,developmental
developmentally,developmental
developments,
develops,develop
devices,
devoted,
devotion,
diabetes,
diagnosed,diagnose
diagnosis,diagnose
diagnostic,diagnose
dialogue,
diego,
difference,difference
differences,difference
different,
difficult,difficult
difficulties,difficult
digital,
dignified,dignity
dignity,dignity
dining,
diocese,
direct,
directed,
direction,
directly,
directors,
disabilities,disablility
disability,disablility
disabled,disablility
disadvantaged,
disaster,disaster
disasters,disaster
disburse,
disciples,
discipleship,
discipline,discipline
disciplines,discipline
discover,discover
discovery,discover
discrimination,
discuss,discuss
discussion,discuss
disease,disease
diseases,disease
disorder,disorder
disorders,disorder
disparities,
displaced,
display,display
displays,display
disputes,
disseminate,disseminate
disseminating,disseminate
dissemination,disseminate
distinctive,
distress,distress
distressed,distress
distribute,distribute
distributed,
distributes,distribute
distributing,distribute
distribution,distribution
distributions,distribution
district,district
districts,district
diverse,divers
diversity,divers
division,
doctors,
document,document
documents,document
dog,dog
dogs,dog
dollars,
domestic,
donate,donate
donated,donate
donation,donation
donations,donation
done,
donor,donor
donors,donor
door,door
doors,door
downtown,
dr,
drama,
dramatic,
dream,dream
dreams,dream
drinking,
drive,
driven,
drives,
driving,
drug,drug
drugs,drug
due,
dues,
duties,duty
duty,duty
dying,
dynamic,
e,
eagle,eagle
eagles,eagle
early,
earn,
earnings,
earth,
easements,
east,
eastern,
eating,
ecological,
economic,economic
economically,economic
economics,economic
economy,
ecosystem,ecosystem
ecosystems,ecosystem
ecumenical,
edge,
educate,educate
educated,educate
educates,educate
educating,educate
education,educate
educational,educate
educators,
effect,effect
effective,effective
effectively,effective
effectiveness,effective
effects,effect
efficiency,efficient
efficient,efficient
efficiently,efficient
effort,effort
efforts,effort
eight,
eighth,
ein,
either,
el,
elder,elder
elderly,elder
elders,elder
elected,
electric,electric
electrical,electric
electricity,electric
electronic,
elementary,
elements,
elevate,
eligible,
eliminate,eliminate
eliminating,eliminate
elimination,eliminate
elizabeth,
elks,
elsewhere,
embrace,embrace
embraces,embrace
embracing,embrace
emergencies,emergency
emergency,emergency
emerging,
emotional,emotional
emotionally,emotional
emphasis,emphasis
emphasize,emphasis
emphasizes,emphasis
emphasizing,emphasis
employ,employ
employed,employ
employee,employee
employees,employee
employer,employer
employers,employer
employment,employ
empower,empower
empowered,empower
empowering,empower
empowerment,empower
empowers,empower
ems,
enable,enable
enables,enable
enabling,enable
encourage,encourage
encouraged,encourage
encouragement,encourage
encourages,encourage
encouraging,encourage
end,end
endangered,
endeavor,endeavor
endeavors,endeavor
ending,end
end-of-life,
endowment,endowment
endowments,endowment
enduring,
energy,
enforce,
enforcement,
engage,engage
engaged,engage
engagement,
engages,engage
engaging,engage
engineering,
engineers,engineer
england,
english,
enhance,enhance
enhanced,enhance
enhancement,enhance
enhances,enhance
enhancing,enhance
enjoy,enjoy
enjoyable,enjoy
enjoyment,enjoy
enlighten,
enrich,enrich
enriched,enrich
enriches,enrich
enriching,enrich
enrichment,enrich
enrolled,enroll
enrollment,enroll
ensure,ensure
ensures,ensure
ensuring,ensure
enter,enter
entered,enter
enterprise,enterprise
enterprises,enterprise
entertain,entertain
entertaining,entertain
entertainment,
entire,
entities,entity
entity,entity
entrepreneurial,entrepreneurship
entrepreneurs,
entrepreneurship,entrepreneurship
entrusted,
enviroment,environment
environment,environment
environmental,environmental
environmentally,environmental
environments,environment
envision,envision
envisions,envision
epilepsy,
episcopal,
equal,equal
equality,
equally,equal
equestrian,
equine,
equip,equip
equipment,
equipped,equip
equipping,equip
equips,equip
equitable,
equity,
erie,
especially,
essential,
establish,establish
established,establish
establishing,establish
establishment,
estate,
esteem,
etc,
ethical,
ethics,
ethnic,
ethnicity,
europe,
euthanasia,
evaluate,
evaluation,
evangelical,evangelic
evangelism,evangelic
evangelistic,evangelic
event,event
events,event
ever,
every,
everyday,
everyone,
everywhere,
evidence,
evidence-based,
evolving,
example,
exceed,
excel,
excellence,
excellent,
exceptional,
exchange,exchange
exchanges,exchange
exciting,
exclusive,exclusive
exclusively,exclusive
executive,executive
executives,executive
exemplary,
exempt,
exercise,
exhibit,exhibit
exhibition,exhibit
exhibitions,exhibit
exhibits,exhibit
exist,exist
existing,exist
exists,exist
expand,expand
expanded,expand
expanding,expand
expansion,
expectations,
expenditures,
expenses,
experience,experience
experienced,
experiences,experience
experiencing,experience
experiential,
expert,expert
expertise,expert
experts,expert
exploitation,
exploration,explore
explore,explore
exploring,explore
exposure,
express,
expression,
extend,extend
extended,
extends,extend
extension,
extensive,
extent,
extraordinary,
eye,
f,
face,
facilitate,facilitate
facilitates,facilitate
facilitating,facilitate
facilities,facility
facility,facility
facing,
factors,
faculty,
fair,
fairness,
faith,faith
faith-based,
faithful,
faiths,faith
fall,fall
fallen,fall
falls,fall
families,family
family,family
farm,farm
farmers,
farming,farm
farms,farm
favorable,
federal,federal
federally,federal
federation,
fee,fee
feed,
feeding,
feel,
fees,fees
fellow,
fellowship,
female,
festival,festival
festivals,festival
ffa,
fidelity,
field,field
fields,field
fight,
fighters,
fighting,
figure,
film,film
films,film
finance,
financial,financial
financially,financial
financing,
find,find
finding,find
fine,
finest,
fire,
firearms,
firefighters,firefighter
firefighting,firefighter
fires,
firms,
first,
fiscal,
fish,
fisheries,
fishing,
fitness,
five,
flexible,
flight,
florida,
flourish,
focus,focus
focused,focus
focuses,focus
focusing,focus
follow,follow
following,follow
follows,follow
food,food
foods,food
football,
force,force
forces,force
foregoing,
foreign,
forest,forest
forests,forest
forever,
form,form
formal,
formation,
formed,
former,former
formerly,former
forms,form
fort,
forth,
fortunate,
forum,forum
forums,forum
forward,
foster,foster
fostering,foster
fosters,foster
found,
foundation,foundation
foundations,foundation
foundation's,foundation
founded,
founding,
four,
frail,
framework,
francis,
franciscan,
francisco,
franklin,
fraternal,
fraternity,
free,
freedom,
french,
fresh,
friendly,
friends,friend
friendship,friend
friendships,friend
fuel,
fulfill,fulfill
fulfilling,fulfill
fulfillment,fulfill
fulfills,fulfill
full,
fullest,
full-service,
full-time,
fully,
fun,
function,function
functional,
functioning,function
functions,function
fund,fund
fundamental,fundamental
fundamentals,fundamental
funded,
funding,
fundraising,
funds,fund
funeral,
furnish,
furniture,
furtherance,
furthering,
future,future
futures,future
g,
gain,
gallery,
game,game
games,game
gamma,
gap,gap
gaps,gaps
garden,garden
gardens,garden
gas,
gateway,
gather,gather
gathering,gather
gatherings,gather
gay,
gender,
general,general
generally,general
generate,generate
generating,generate
generation,generation
generations,generation
generosity,generous
genetic,
geographic,
george,
georgia,
german,
get,
gift,gift
gifted,
gifts,gift
girl,girl
girls,girl
give,give
given,
gives,give
giving,
global,global
globally,global
globe,global
glorify,glory
glory,glory
go,
goal,goal
goals,goal
god,god
gods,god
god's,god
golden,
golf,
good,
goods,
goodwill,
gospel,
govern,govern
governance,govern
governed,govern
governing,govern
government,government
governmental,government
governments,government
grace,
grade,grade
grades,grade
graduate,graduate
graduates,graduate
graduating,graduate
graduation,graduate
grand,
grant,grant
granted,
granting,
grantmaking,
grants,grant
grassroots,
great,great
greater,
greatest,great
green,
greene,
grief,grief
grievances,grief
ground,ground
grounded,ground
grounds,ground
group,group
groups,group
grove,
grow,grow
growing,grow
grown,grow
growth,grow
guard,guard
guardians,guard
guests,
guidance,
guide,guide
guided,
guidelines,
guides,guide
guiding,
guild,
gulf,
gun,
gymnastics,
h,
habilitation,
habitat,habitat
habitats,habitat
habits,
haiti,
hall,
hamilton,
hampshire,
hand,hand
handicap,handicap
handicapped,handicap
handling,
hands,hand
hands-on,
happiness,happy
happy,happy
harbor,
hard,
hardship,
harmony,
hartford,
harvest,
hawaii,
head,
heal,heal
healing,heal
health,health
healthcare,
healthier,health
healthy,health
hearing,
heart,heart
hearts,heart
heating,
hebrew,
heights,
held,
help,help
helped,help
helping,help
helps,help
henry,
heritage,
heroes,
high,high
higher,high
highest,high
highly,
high-quality,
highway,
hill,hill
hills,hill
hispanic,
historic,
historical,historical
historically,historical
history,
hiv,
hockey,
hold,hold
holding,
holds,hold
holiday,
holistic,
holy,
home,
homebound,
homeless,homeless
homelessness,homeless
home-like,
homeowners,
homeownership,
homes,
honesty,
honor,honor
honoring,honor
honors,honor
hope,hope
hopes,hope
horizons,
horse,horse
horses,horse
horticultural,horticulture
horticulture,horticulture
hospice,
hospital,hospital
hospitality,
hospitals,hospital
hospital's,hospital
host,host
hosting,host
hosts,host
hot,
hour,hour
hours,hour
house,house
household,household
households,household
houses,house
housing,
houston,
howard,
hub,
hud,
hudson,
human,
humane,
humanitarian,
humanities,
humanity,
hundreds,
hunger,hunger
hungry,hunger
hunting,
hygiene,
ice,
idaho,
idea,idea
ideal,ideal
ideals,ideal
ideas,idea
identification,identify
identified,identify
identifies,identify
identify,identify
identifying,identify
identity,
ii,
iii,
ill,
illinois,
illness,illness
illnesses,illness
image,
imagination,
immediate,
immigrant,immigrant
immigrants,immigrant
immigration,
impact,impact
impacted,impact
impacting,impact
impacts,impact
impaired,impair
impairment,impair
implement,implement
implementation,implement
implementing,implement
implements,implement
importance,important
important,important
impoverished,
improve,improve
improved,improve
improvement,improve
improvements,improve
improves,improve
improving,improve
inc,
incarcerated,incarcerat
incarceration,incarcerat
incidental,
include,include
included,include
includes,include
including,include
inclusion,inclusive
inclusive,inclusive
income,income
incomes,income
incorporated,incorporat
incorporation,incorporat
increase,increase
increased,increase
increases,increase
increasing,increase
inculcate,
independence,
independent,
independently,
india,
indian,
indiana,
indianapolis,
indigenous,
indigent,
indirectly,
individual,individual
individualized,
individually,
individuals,individual
individual's,individual
industrial,industry
industries,industry
industry,industry
industry's,industry
infant,infant
infants,infant
influence,
inform,
information,inform
informational,inform
informed,inform
informing,inform
infrastructure,
inherent,
in-home,
initiate,
initiative,initiative
initiatives,initiative
injured,
injuries,injury
injury,injury
inner,
inner-city,
innovation,innovate
innovations,innovate
innovative,innovate
inpatient,
inquiry,
inspiration,inspire
inspire,inspire
inspired,inspire
inspires,inspire
inspiring,inspire
instill,instill
instilling,instill
institute,
institution,institution
institutional,
institutions,institution
instruct,instruct
instruction,instruct
instructional,instruct
instructors,
instruments,
insurance,insure
insure,insure
insured,insure
integral,
integrate,integrate
integrated,integrate
integrates,integrate
integrating,integrate
integration,integrate
integrity,
intellectual,intellectu
intellectually,intellectu
intelligence,intelligen
intended,intend
intends,intend
intensive,
intent,intend
interact,interact
interaction,interact
interactions,interact
interactive,
interchange,
interdisciplinary,
interest,interest
interested,interest
interests,interest
interfaith,
internal,
international,international
internationally,international
internet,
interpret,interpret
interpretation,interpret
interpreting,interpret
intervention,intervention
interventions,intervention
intimate,
introduce,
invest,invest
invested,invest
investigation,
investing,invest
investment,investment
investments,investment
investors,
invests,invest
involve,involve
involved,involve
involvement,involve
involving,involve
iowa,
irc,
irish,
irrigation,
irs,
islamic,
island,island
islands,island
israel,
issue,issue
issues,issue
italian,
items,
j,
jackson,
james,
japanese,
jazz,
jefferson,
jersey,
jesus,
jewish,
jews,
job,job
jobs,job
john,
johnson,
join,
joint,
joseph,
joseph's,
journal,
journalism,
journey,
journeymen,
joy,joy
joyful,joy
judaism,
judeo-christian,
judicial,
july,
june,
junior,
jurisdiction,
justice,
juvenile,
k,
k-,
kansas,
kappa,
keep,keep
keeping,keep
kentucky,
kenya,
key,
kidney,
kids,
killed,
kind,kind
kindergarten,
kindness,kind
king,
kingdom,
kitchen,
kiwanis,
knights,
know,know
knowledge,
knowledgeable,
known,know
korean,
l,
la,
labor,
laboratory,
lack,
lacrosse,
lake,lake
lakes,lake
lancaster,
land,land
landmark,
landowners,
lands,land 
landscape,landscape
landscapes,landscape
language,language
languages,language
large,large
larger,large
largest,large
las,
last,
lasting,
latest,
latin,
latino,
law,law
lawful,
lawrence,
laws,law
lawyers,
lay,
lead,lead
leader,leader
leaders,leader
leadership,
leading,
leads,lead
league,league
leagues,league
learn,learn
learners,
learning,learn
lease,lease
leased,lease
leasing,lease
least,
lectures,
led,
lee,
legacy,
legal,
legion,
legislation,legislate
legislative,legislate
leisure,
lending,
lesbian,
less,
lessen,lessen
lessening,lessen
lessons,
level,level
levels,level
leverage,leverage
leveraging,leverage
lgbt,
liability,
liaison,
liberal,
liberties,liberty
liberty,liberty
libraries,library
library,library
licensed,
life,
life-changing,
lifelong,
life-long,
life's,
lifestyle,lifestyle
lifestyles,lifestyle
life-threatening,
lifetime,
light,
lighthouse,
like,
limitation,
limited,
lincoln,
line,line
lines,line
link,
lions,
literacy,
literary,
literature,
litigation,
little,
live,
lives,
livestock,
living,
llc,
loan,loan
loans,loan
lobbying,
local,local
locally,local
located,locate
location,locate
locations,locate
lodge,
lodging,
long,long
longer,long
long-term,
lord,
los,
loss,
lost,
lots,
louis,
louisiana,
louisville,
love,love
loved,love
loving,love
low,
low-and,
low-cost,
lower,
lowest,
low-income,
loyalty,
luke's,
lutheran,
made,
madison,
magazine,
main,
maine,
mainstream,
maintain,maintain
maintained,maintain
maintaining,maintain
maintains,maintain
maintenance,maintain
major,
majority,
make,make
makers,
makes,make
making,make
man,men
manage,manage
managed,manage
management,
managers,
manages,manage
managing,manage
manhattan,
mankind,
manner,
manor,
manufacturers,
manufacturing,
many,
marginalized,
maria,
marin,
marine,
marion,
maritime,
market,
marketing,
marketplace,
markets,
marriage,
marshall,
martin,
mary,mary
maryland,
mary's,mary
masonic,
mass,
massachusetts,
master,
material,material
materials,material
math,math
mathematics,math
matter,
matters,
maximize,maximize
maximizing,maximize
maximum,
may,
mcdonald,
meal,meal
meals,meal
meaning,
meaningful,
means,
measurable,
measures,
mechanical,
media,
mediation,
medicaid,
medical,medical
medically,medical
medicare,
medication,
medicine,medical
meditation,
medium,
meet,meet
meeting,meeting
meetings,meeting
meets,meet 
member,member
member-owned,
members,member
membership,
memorial,
memories,memory
memory,memory
memphis,
men,men
men's,men
mental,
mentally,
mentor,mentor
mentoring,mentor
mentors,mentor
mentorship,mentor
mercy,
merit,
message,
met,
metal,
method,method
methodist,
methods,method
metro,
metropolitan,
mexico,
miami,
michigan,
middle,
midwest,
might,
miles,
military,
million,million
millions,million
milwaukee,
mind,mind
minds,mind
minister,minister
ministers,minister
ministries,ministry
ministry,ministry
minneapolis,
minnesota,
minority,
mission,
missionaries,missionary
missionary,missionary
missions,
mississippi,
missouri,
mn,
mo,
mobile,
mobility,
mobilize,mobilize
mobilizes,mobilize
mobilizing,mobilize
model,model
models,model
moderate,
moderate-income,
modern,
monetary,
money,money
monies,money
monitor,monitor
monitoring,monitor
monroe,
montana,
montessori,
montgomery,
month,month
monthly,month
months,month
moral,
morgan,
mortgage,
mothers,
motivate,motivate
motivated,motivate
motivation,motivate
motor,
mount,
mountain,
move,
movement,
moving,
ms,
mt,
much,
multicultural,
multidisciplinary,multidisciplinary
multi-disciplinary,multidisciplinary
multiple,
municipal,municipal
municipalities,municipal
museum,museum
museums,museum
museum's,museum
music,music
musical,music
musicians,
must,
mutual,
mutually,
n,
name,
nan,
nashville,
nation,nation 
national,national
nationally,national
nations,nation
nation's,nation
nationwide,national
native,
natural,
nature,
nc,
near,
nearly,
nebraska,
necessary,
necessities,
need,need
needed,need
needing,need
needs,need
needy,
neglect,neglect
neglected,neglect
negotiate,negotiate
negotiation,negotiate
negotiations,negotiate
neighborhood,neighborhood
neighborhoods,neighborhood
neighboring,
neighbors,
net,
network,network
networking,
networks,network
neurological,
neuter,neuter
neutering,neuter
nevada,
new,
news,
newsletter,newsletter
newsletters,newsletter
next,
nine,
nj,
non,
non-denominational,
non-discriminatory,
nonpartisan,nonpartisan
non-partisan,nonpartisan
nonprofit,nonprofit
non-profit,nonprofit
nonprofits,nonprofit
non-profits,nonprofit
non-sectarian,
normal,
north,
northeast,northeast
northeastern,northeast
northern,
northwest,
not-for-profit,nonprofit
number,
numerous,
nurse,
nursery,
nurses,
nursing,
nurture,nurture
nurtures,nurture
nurturing,nurture
nutrition,nutrition
nutritional,nutrition
nutritious,nutrition
ny,
nyc,
nys,
oak,
oakland,
oath,
object,
objective,objective
objectives,objective
objects,
obligations,
obtain,obtain
obtaining,obtain
occupational,
ocean,
offenders,
offer,offer
offered,offer
offering,
offers,offer
office,office
officers,
offices,office
official,official
officials,offcial
often,
ohio,
oil,
oklahoma,
old,
older,
oldest,
olympic,
omaha,
oncology,
one,
one-on-one,
ones,
one-to-one,
ongoing,
online,
open,
opera,
operate,operate
operated,
operates,operate
operating,
operation,
operational,
operations,
operators,
opinion,
opportunities,opportunity
opportunity,opportunity
optimal,
options,
oral,
orange,
orchestra,orchestra
orchestral,orchestra
order,
oregon,
org,
organ,
organic,
organization,organization
organizational,organization
organizations,organization
organization's,organization
organize,organize
organized,organize
organizes,organize
organizing,organize
orientation,
oriented,
origin,
original,
originates,
orleans,
orphan,orphan 
orphanage,orphanage
orphanages,orphanage
orphaned,orphan 
orphans,orphan 
orthodox,
orthopaedic,
osteopathic,
othe,
others,
otherwise,
outcomes,
outdoor,
outpatient,
outreach,
outside,
outstanding,
overall,
overcome,
overpopulation,
overseas,
oversee,
oversight,
owned,own 
owner,owner
owners,owner
ownership,
owning,own 
owns,own 
p,
pa,
pace,
pacific,
page,
paid,
pain,
palliative,
palm,
palsy,
pantry,
parent,parent
parental,
parenting,
parents,parent
parish,
park,park
parks,park
part,
participants,
participate,participate
participates,participate
participating,participate
participation,
particular,particular
particularly,particular
parties,
partner,partner
partnering,
partners,partner
partnership,partnership
partnerships,partnership
parts,
party,
paso,
passion,
passionate,
past,
pastoral,
pastors,
path,
pathways,
patient,patient
patient-centered,
patients,patients
patriotic,
patriotism,
patrons,
paul,
pay,pay
paying,pay
payment,payment
payments,payment
peace,
peaceful,
pediatric,
peer,peer
peers,peer
peninsula,
pennsylvania,
pension,
people,people
peoples,people
people's,people
per,
perform,perform 
performance,performance
performances,performance
performed,perform 
performers,
performing,perform 
performs,perform 
period,
permanent,permanent
permanently,permanent
permitted,
perpetual,
perpetuate,
person,person
personal,
personalized,
personally,
personnel,
persons,person
person's,person
perspective,perspective
perspectives,perspective
pertaining,
pet,pet
pets,pet
pharmaceutical,
pharmacy,
phases,
phi,
philadelphia,
philanthropic,philanthrop
philanthropy,philanthrop
philosophy,
phoenix,
photography,
physical,
physically,
physician,physician
physicians,physician
pi,
pioneer,
pittsburgh,
place,place
placed,
placement,
places,place
placing,
plains,
plan,
planet,
planned,
planning,
plans,
plant,plant
planting,
plants,plant
platform,
play,play
player,player
players,player
playing,play 
plays,play
please,
pleasure,
plumbers,
plumbing,
plus,
point,
police,
policies,policy
policy,policy
policymakers,
political,
pool,
poor,
population,population
populations,population
port,
portion,
portland,
position,position
positions,position
positive,
positively,
possibilities,
possible,
post,
post-secondary,
potable,
potential,
poverty,
power,
powerful,
practical,
practice,practice
practices,practice
practicing,practice
practitioners,
prairie,
prayer,
preach,preach
preaching,preach
pregnancies,pregnancy
pregnancy,pregnancy
pregnant,pregnancy
pre-k,pre-kindergarten
pre-kindergarten,pre-kindergarten
premier,
preparation,
preparatory,
prepare,prepare
prepared,prepare
prepares,prepare
preparing,prepare
presbyterian,
preschool,preschool
pre-school,preschool
prescription,
presence,
present,
presentation,presentation
presentations,presentation
presented,
presenting,
presents,
preservation,
preserve,preserve
preserves,preserve
preserving,preserve
press,
prevent,prevent
preventative,
preventing,prevent
prevention,
preventive,
price,price
prices,price
pride,
primarily,
primary,
principal,principal
principally,
principals,principal
principle,principle
principles,principle
print,
priorities,priority
priority,priority
prison,
private,
pro,
proactive,
problem,problem
problems,problem
procedures,
proceedings,
proceeds,
process,
processes,
processing,
proclaim,
produce,produce
produced,produce
producers,
produces,produce
producing,produce
product,product
production,production
productions,production
productive,productive
productivity,productive
products,product
profession,profession
professional,professional
professionalism,
professionally,professional
professionals,
professions,profession
proficiency,
profit,
profitability,
program,program
programming,
programs,program
progress,
progressive,
project,project 
projects,project 
promise,
promising,
promote,promote
promoted,promote
promotes,promote
promoting,promote
promotion,
promotional,
proper,
properties,property
property,property
prosper,
prosperity,
prosperous,
protect,protect
protected,protect
protecting,protect
protection,
protective,
protects,protect
proud,
proven,
provide,provide
provided,provide
providence,
provider,provider
providers,provider
provides,provide 
providing,provide
provision,provision
provisions,provision
psychiatric,
psychological,
psychology,
pta,
public,public
publication,
publications,
publicly,
public's,public
publish,publish
publishes,publish
publishing,publish
purchase,purchase
purchasing,purchase
purpose,purpose
purposes,purpose
pursuant,
pursue,pursue
pursuing,pursue
pursuit,pursuit
pursuits,pursuit
put,
putting,
qualified,
qualify,
qualifying,
qualities,
quality,
quicken,
r,
race,race
races,race
racial,
racing,
racism,
radio,
railroad,
raise,raise
raised,raise
raises,raise
raising,raise
ranch,
range,range
ranging,range
rate,rate
rates,rate
rather,
reach,reach
reaches,reach
reaching,reach
read,read
readiness,
reading,read
ready,
real,
reality,
realize,
realtors,
reason,
reasonable,
rebuild,rebuild
rebuilding,rebuild
receive,receive
received,receive
receives,receive
receiving,receive
recipients,
recognition,
recognize,recognize
recognized,
recognizes,recognize
recognizing,recognize
record,record
records,record
recover,recover
recovering,recover
recovery,
recreation,recreation
recreational,recreation
recruit,recruit
recruiting,recruit
recruitment,
recycling,
red,
redevelopment,
reduce,reduce
reduced,reduce
reducing,reduce
reduction,
refer,
reference,
referral,referral
referrals,referral
referred,
reflect,
reform,
refuge,
refugees,
regard,
regarding,
regardless,
region,region
regional,region
regions,region
region's,region
registered,
registration,
regular,
regulated,
regulation,regulation
regulations,regulation
regulatory,
rehab,rehabilitate
rehabilitate,rehabilitate
rehabilitation,rehabilitate
rehabilitative,rehabilitate
reimbursement,
related,
relating,
relations,
relationship,relationship
relationships,relationship
relative,
relevant,
reliable,
relief,
relieve,
religion,religion
religions,religion
religious,
remain,remain
remaining,remain
remains,remain
remote,
render,render
rendering,render
renewable,
renewal,
renovate,renovate
renovation,renovate
rent,rent
rental,
rents,rent
repair,repair
repairs,repair
reporting,
reports,
represent,represent
representation,
representative,representative
representatives,representative
represented,represent 
representing,represent
represents,repesent
reproductive,
republic,
require,require
required,require
requirements,
requires,require
rescue,
research,
researchers,
reserve,
reside,reside 
residence,residence
residences,residence
residency,
resident,resident
residential,
residents,resident
residing,reside 
resilient,
resolution,
resolve,
resource,resource
resources,resource
respect,respect
respected,
respectful,respect
respecting,respect
respective,
respects,respect
respite,
respond,respond
responders,
responding,respond
responds,respond
response,response
responses,response
responsibilities,responsibility
responsibility,responsibility
responsible,
responsive,
rest,
restaurant,
restoration,
restorative,
restore,restore
restoring,restore
result,resullt
resulting,
results,result
retail,
retain,
retention,
retired,retire
retiree,retire
retirees,retire
retirement,
retreat,retreat
retreats,retreat
return,
reveal,
revenue,
revenues,
review,
revitalization,revitalize
revitalize,revitalize
rewarding,
rhode,
rich,
richmond,
ridge,
riding,
right,
rights,
rigorous,
risk,risk
risks,risk
river,river
rivers,river
riverside,
road,road
roads,road
rochester,
rock,
rocky,
rodeo,
role,role
roles,role
roman,
ronald,
room,room
rooms,room
root,root
rooted,
roots,root
rotary,
round,
rowing,
rules,
run,run
running,
runs,run
rural,
s,
sacramento,
sacred,
safe,
safeguard,
safely,
safer,
safety,
said,
sailing,
saint,
sale,sale
salem,
sales,sale
salvation,
samaritan,
san,
sanctuary,
sanitary,
sanitation,
santa,
satisfaction,
save,
saving,
savings,
sc,
scale,
scenic,
sch,
schedule,
scholarly,
scholars,
scholarship,scholarship
scholarships,scholarship
scholastic,
school,school
schools,school
school's,school
science,science
sciences,science
scientific,
scientists,
scope,
scottish,
scout,scout
scouting,scout
scouts,scout
screening,
sea,
search,
season,
seattle,
sec,
second,
secondary,
section,section
sections,section
sector,sector
sectors,sector
secular,
secure,
securing,
security,
see,
seed,
seek,seek
seeking,seek
seeks,seek
segments,
select,
selected,
self,
self-confidence,
self-determination,
self-esteem,
self-reliance,
self-sufficiency,self-sufficient
self-sufficient,self-sufficient
self-sustaining,
sell,sell
selling,sell
seminars,
seminary,
senior,senior
seniors,senior
sense,
sensitive,
september,
series,
serious,
seriously,
servant,
serve,serve
served,serve
serves,serve
service,service
services,service
servicing,
serving,serve
sessions,
set,
setting,setting
settings,setting
settlement,
seven,
seventh-day,
several,
severe,
sex,
sexual,
shall,
shape,shape
shaping,shape
share,share
shared,share
shareholder,shareholder
shareholders,shareholder
shares,share
sharing,share
sheet,
shelter,shelter
sheltered,
shelters,shelter
shooting,
shop,
shore,
short,
short-term,
show,show
showcase,
shows,show
sick,
sickness,
side,
sight,
sigma,
significance,
significant,
similar,
simple,
since,
single,
sisters,
site,site
sites,site
situation,situation
situations,situation
six,
skating,
ski,
skill,skill
skilled,
skills,skill
small,
smart,
sober,
soccer,
social,
socialization,
socialize,
socially,
societal,society
societies,society
society,society
society's,society
socioeconomic,socioeconomic
socio-economic,socioeconomic
softball,
software,
sold,
sole,
solely,
solicit,solicit
soliciting,solicit
solid,
solution,solution
solutions,solution
solve,solve
solving,solve
sonoma,
sorority,
soul,
sound,
source,
sources,
south,
southeast,southeast
southeastern,southeast
southern,
southwest,southwest
southwestern,southwest
space,
spaces,
spanish,
spay,spay
spaying,spay
speak,speak
speakers,
speaking,speak
special,
specialists,
specialized,
specially,
specialty,
species,
specific,specific
specifically,specific
specified,
spectrum,
speech,
spinal,
spirit,
spiritual,spiritual
spiritually,spiritual
sponsor,sponsor
sponsored,
sponsoring,sponsor
sponsors,sponsor
sponsorship,
sport,sport
sporting,
sports,sport
sportsmanship,
spouses,
spread,spread
spreading,spread
spring,spring
springfield,
springs,spring
squad,
square,
st,
stability,stable
stabilize,stable
stable,stable
staff,
stage,
stages,
stakeholders,
standard,standard
standards,standard
standing,
star,
start,
state,
stated,
statement,
state-of-the-art,
states,
state's,
statewide,
station,station
stations,station
status,status
statutes,status
stay,
stem,
step,step
steps,step
steward,steward
stewards,steward
stewardship,
stimulate,
stimulating,
stock,
stop,
storage,
store,
stories,story
story,story
strategic,
strategies,strategy
strategy,strategy
stray,
street,street
streets,street
strength,
strengthen,strenghten
strengthening,strenghten
strengthens,strenghten
strengths,
stress,
strive,strive
strives,strive
striving,strive
strong,strong
stronger,strong
structure,
structured,
structures,
struggling,
student,student
students,student
student's,student
studies,study
studio,
study,study
style,
subject,
subjects,
subsidiaries,subsidiary
subsidiary,subsidiary
subsidized,
substance,
substantial,substantial
substantially,substantial
succeed,success
success,success
successful,success
successfully,success
suffer,suffer
suffering,suffer
sufficiency,
sufficient,
suicide,
suitable,
summer,
summit,
superior,
supervise,supervise
supervised,supervise
supervision,supervise
supplement,
supplemental,
suppliers,
supplies,supplies
supply,supply
support,support
supported,support
supporters,
supporting,support
supportive,support 
supports,support
suppression,
surgeons,
surgery,surgery
surgical,surgery
surrounding,
survival,
survivors,
sustain,sustain 
sustainability,sustainable
sustainable,sustainable
sustained,
sustaining,sustain
sustains,sustain
swim,swim
swimming,swim
symphonic,symphony
symphony,symphony
syndrome,
system,system
systemic,
systems,system
tailored,
take,take
takes,take
taking,take
talent,talent
talented,talent
talents,talent
tampa,
tangible,
target,target
targeted,target
taught,
tax,
taxation,
tax-exempt,
taxpayers,
teach,teach 
teacher,teacher
teachers,teacher
teaches,teach
teaching,teach
teachings,
team,team
teams,team
teamwork,
tech,technology
technical,
technicians,
techniques,
technological,technology
technologies,technology
technology,technology
teen,teen
teenagers,teen
teens,teen
telecommunications,
telephone,
television,
temple,
temporary,
ten,
tenants,
tennessee,
tennis,
term,
terminally,
terms,
territory,
test,test
testing,test
texas,
th,
theater,theater
theatre,theater
theatrical,theater
theological,
theory,
therapeutic,
therapies,therapy
therapy,therapy
thereby,
therefore,
therefrom,
therein,
thereof,
thereto,
theta,
thier,
things,
think,
thinkers,
thinking,
third,
thomas,
though,
thought,
thoughtful,
thousands,
three,
thrift,
thrive,thrive
thriving,thrive
throughout,
thru,
thus,
ties,
time,time
timely,
times,times
tissue,
title,
tn,
tobacco,
today,today
today's,today
together,
tolerance,
tomorrow,
tool,tool
tools,tools
top,
topics,
torah,
total,
touch,
tourism,
tournament,tournament
tournaments,tournament
tours,
toward,toward
towards,toward
town,town
towns,town
township,town
townships,town
track,
trade,trade
trades,trade
tradition,tradition
traditional,
traditions,tradition
traffic,
trafficking,
trail,trail
trails,trail
train,
trained,
training,
trains,
transfer,
transform,transform
transformation,transformation
transformational,transformation
transformative,transformation 
transforming,
transforms,transform
transgender,
transit,
transition,transition
transitional,transition
transplant,
transport,
transportation,
trauma,trauma
traumatic,trauma
travel,
treat,treat
treated,treat
treatment,treatment
treatments,treatment
tree,
trends,
trial,
tribal,
trinity,
trips,
troubled,
trust,
trusted,
trustees,
truth,
tuition,
tulsa,
turn,
turning,
tutoring,
tv,
twelve,
twin,
two,
tx,
type,type
types,type
u,
uganda,
ultimate,
ultimately,
unable,
undergraduate,
underinsured,
underprivileged,
underserved,underserved
under-served,underserved
understand,
understanding,
undertake,
unemployed,
unemployment,
unified,
uniforms,
uninsured,
union,union
unions,union
union's,union
unique,
unit,
unite,unite
united,
unites,unite
uniting,unite
units,
unity,
universal,
universities,university
university,university
university's,university
unmet,
unplanned,
unwanted,
uphold,
upkeep,
upon,
upper,
urban,
urgent,
us,
usa,
use,
used,
useful,
usefulness,
users,
uses,
using,
utah,
utilities,
utility,
utilization,
utilize,utilize
utilizes,utilize
utilizing,utilize
va,
vacation,
valley,
valuable,
value,
valued,
values,
varied,
variety,
various,
veba,
vehicle,vehicle
vehicles,vehicle
venture,
venue,venue
venues,venue
vermont,
veteran,veteran
veterans,veteran
veterinary,
via,
viability,
viable,
vibrant,
vicinity,
victims,
video,
view,view
views,view
village,village
villages,village
vincent,
violence,
virginia,
virtues,
vision,
visit,visit
visiting,
visitor,visitor
visitors,visitor
visits,visit
vista,
visual,
visually,
vital,
vitality,
vocational,
voice,voice
voices,voice
volleyball,
voluntary,
volunteer,volunteer
volunteerism,
volunteers,volunteer
vulnerable,
w,
wage,wage
wages,wage
waldorf,
walk,walk
walks,walk
want,
war,
warm,
warren,
wars,
washington,
waste,
water,
waters,
watershed,
way,
wayne,
ways,
wealth,
web,
website,
week,week
weekly,
weeks,week
welcome,welcome
welcomes,welcome
welcoming,
welfare,
well,
wellbeing,wellbeing
well-being,wellbeing
wellness,
well-rounded,
west,
westchester,
western,
wheels,
whether,
white,
whole,
wholeness,
wholesome,
whose,
wi,
wide,
widows,
wild,
wilderness,
wildlife,
william,
wine,
winter,
wisconsin,
wisdom,
wise,
wish,wish
wishes,wish
within,
without,
witness,
woman,women
women,women
women's,women
wood,
woods,
word,
work,
worker,worker
workers,worker
workforce,
working,
workplace,
works,
workshop,workshop
workshops,workshop
world,world
world-class,
world's,world
worldwide,
worship,
worth,
worthy,
would,
wounded,
writers,
writing,
written,
www,
wyoming,
yacht,
yachting,
year,year
year-round,
years,year
yet,
ymca,
york,
yorkers,
young,
youth,youth
youths,youth
ywca,
zoo,
,
,
,
,
